INSERT INTO communities (id, name, created_at, updated_at) VALUES (1, 'illum', '2015-05-12 05:16:32', '2015-05-12 05:16:32');
INSERT INTO communities (id, name, created_at, updated_at) VALUES (2, 'dolores', '2013-09-03 12:43:39', '2014-04-30 16:23:38');
INSERT INTO communities (id, name, created_at, updated_at) VALUES (3, 'voluptas', '2017-02-18 23:22:09', '2017-02-18 23:22:09');
INSERT INTO communities (id, name, created_at, updated_at) VALUES (4, 'ad', '2017-07-28 21:59:41', '2017-07-28 21:59:41');
INSERT INTO communities (id, name, created_at, updated_at) VALUES (5, 'commodi', '2015-10-27 09:34:24', '2015-12-05 08:26:15');
INSERT INTO communities (id, name, created_at, updated_at) VALUES (6, 'animi', '2018-06-24 09:11:55', '2019-01-14 06:44:37');
INSERT INTO communities (id, name, created_at, updated_at) VALUES (7, 'enim', '2015-02-23 17:02:44', '2019-12-01 15:11:24');
INSERT INTO communities (id, name, created_at, updated_at) VALUES (8, 'quam', '2017-02-22 15:05:09', '2020-10-02 11:58:15');
INSERT INTO communities (id, name, created_at, updated_at) VALUES (9, 'quia', '2014-11-27 11:21:43', '2014-11-27 11:21:43');
INSERT INTO communities (id, name, created_at, updated_at) VALUES (10, 'fugit', '2013-04-25 17:51:15', '2018-11-03 20:16:43');
INSERT INTO communities (id, name, created_at, updated_at) VALUES (11, 'voluptatibus', '2011-12-11 08:19:19', '2016-06-09 18:04:29');
INSERT INTO communities (id, name, created_at, updated_at) VALUES (12, 'ab', '2013-12-31 12:28:37', '2015-11-09 18:51:43');
INSERT INTO communities (id, name, created_at, updated_at) VALUES (13, 'omnis', '2013-09-18 13:47:20', '2020-07-14 18:11:38');
INSERT INTO communities (id, name, created_at, updated_at) VALUES (14, 'et', '2013-12-16 17:42:56', '2013-12-16 17:42:56');
INSERT INTO communities (id, name, created_at, updated_at) VALUES (15, 'atque', '2017-03-22 09:25:34', '2017-03-22 09:25:34');
INSERT INTO communities (id, name, created_at, updated_at) VALUES (16, 'nulla', '2016-08-13 23:54:20', '2018-09-09 18:24:01');
INSERT INTO communities (id, name, created_at, updated_at) VALUES (17, 'eum', '2013-09-20 05:23:33', '2018-02-10 00:20:39');
INSERT INTO communities (id, name, created_at, updated_at) VALUES (18, 'sit', '2017-10-15 21:22:00', '2017-10-15 21:22:00');
INSERT INTO communities (id, name, created_at, updated_at) VALUES (19, 'asperiores', '2014-10-16 02:17:03', '2014-10-16 02:17:03');
INSERT INTO communities (id, name, created_at, updated_at) VALUES (20, 'voluptatum', '2016-12-16 08:43:13', '2017-01-09 14:25:27');
INSERT INTO communities (id, name, created_at, updated_at) VALUES (21, 'nobis', '2019-03-31 07:52:28', '2019-03-31 07:52:28');
INSERT INTO communities (id, name, created_at, updated_at) VALUES (22, 'rerum', '2018-05-20 05:10:25', '2018-05-20 05:10:25');
INSERT INTO communities (id, name, created_at, updated_at) VALUES (23, 'voluptate', '2020-12-25 23:13:44', '2020-12-25 23:13:44');
INSERT INTO communities (id, name, created_at, updated_at) VALUES (24, 'magni', '2019-11-19 18:05:14', '2019-11-19 18:05:14');
INSERT INTO communities (id, name, created_at, updated_at) VALUES (25, 'sint', '2014-12-13 11:38:32', '2020-11-12 02:20:41');
INSERT INTO communities (id, name, created_at, updated_at) VALUES (26, 'aperiam', '2014-09-22 19:06:53', '2017-06-02 15:36:17');
INSERT INTO communities (id, name, created_at, updated_at) VALUES (27, 'at', '2014-06-01 10:06:32', '2020-01-13 07:31:33');
INSERT INTO communities (id, name, created_at, updated_at) VALUES (28, 'fuga', '2016-04-16 03:37:04', '2016-04-16 03:37:04');
INSERT INTO communities (id, name, created_at, updated_at) VALUES (29, 'sequi', '2018-01-03 08:53:48', '2020-09-24 21:54:16');
INSERT INTO communities (id, name, created_at, updated_at) VALUES (30, 'rem', '2019-10-01 06:52:41', '2020-01-29 23:59:08');


--
-- TOC entry 2969 (class 0 OID 70633)
-- Dependencies: 220
-- Data for Name: users; Type: TABLE DATA; Schema:  Owner: postgres
--

INSERT INTO users (id, first_name, last_name, email, phone, created_at, updated_at) VALUES (1, 'Kellen', 'Romaguera', 'gerry.littel@example.org', '(768)341-6740', '2016-05-14 11:29:32', '2016-05-14 11:29:32');
INSERT INTO users (id, first_name, last_name, email, phone, created_at, updated_at) VALUES (2, 'Randi', 'Morissette', 'antwan.sauer@example.com', '1-114-408-4861', '2019-07-11 11:38:44', '2020-02-05 05:19:06');
INSERT INTO users (id, first_name, last_name, email, phone, created_at, updated_at) VALUES (3, 'Teagan', 'Goodwin', 'efren99@example.net', '(889)182-8853x335', '2020-12-19 06:00:03', '2020-12-19 06:00:03');
INSERT INTO users (id, first_name, last_name, email, phone, created_at, updated_at) VALUES (4, 'Landen', 'Sporer', 'joanie02@example.net', '(857)670-4054', '2020-05-28 11:14:23', '2020-05-28 11:14:23');
INSERT INTO users (id, first_name, last_name, email, phone, created_at, updated_at) VALUES (5, 'Laurianne', 'Bernhard', 'randy33@example.com', '327.211.7941', '2013-06-22 05:52:27', '2016-12-02 21:28:40');
INSERT INTO users (id, first_name, last_name, email, phone, created_at, updated_at) VALUES (6, 'Rosalinda', 'Stamm', 'fwindler@example.org', '830-589-7861x02160', '2012-12-01 06:03:11', '2017-01-01 08:37:53');
INSERT INTO users (id, first_name, last_name, email, phone, created_at, updated_at) VALUES (7, 'Roslyn', 'Mraz', 'bret.ebert@example.org', '(539)529-6245x812', '2019-05-22 00:02:25', '2019-05-22 00:02:25');
INSERT INTO users (id, first_name, last_name, email, phone, created_at, updated_at) VALUES (8, 'Armando', 'Langworth', 'rolfson.ella@example.org', '1-895-272-2709x639', '2012-05-04 11:39:34', '2018-03-08 15:37:10');
INSERT INTO users (id, first_name, last_name, email, phone, created_at, updated_at) VALUES (9, 'Angel', 'Windler', 'bashirian.jany@example.net', '218.809.5997x615', '2012-03-08 20:39:34', '2020-11-24 22:17:07');
INSERT INTO users (id, first_name, last_name, email, phone, created_at, updated_at) VALUES (10, 'Rylan', 'VonRueden', 'janelle18@example.net', '1-819-639-9573x706', '2012-12-02 21:54:36', '2014-03-20 04:18:21');
INSERT INTO users (id, first_name, last_name, email, phone, created_at, updated_at) VALUES (11, 'Vivienne', 'Bauch', 'kutch.melissa@example.net', '+94(6)1063958299', '2015-11-02 02:34:18', '2020-03-31 02:17:07');
INSERT INTO users (id, first_name, last_name, email, phone, created_at, updated_at) VALUES (12, 'Gloria', 'Towne', 'isabella28@example.org', '617.327.1059x2111', '2021-03-31 06:10:56', '2021-03-31 06:10:56');
INSERT INTO users (id, first_name, last_name, email, phone, created_at, updated_at) VALUES (13, 'Stanford', 'Boyer', 'curt.lebsack@example.net', '1-422-833-9816x143', '2018-02-23 18:17:19', '2018-02-23 18:17:19');
INSERT INTO users (id, first_name, last_name, email, phone, created_at, updated_at) VALUES (14, 'Kyle', 'Frami', 'pascale.pollich@example.org', '947.211.8956x566', '2014-07-12 07:30:46', '2018-07-07 08:21:38');
INSERT INTO users (id, first_name, last_name, email, phone, created_at, updated_at) VALUES (15, 'Ward', 'Rosenbaum', 'lauren.pagac@example.org', '1-372-170-5072', '2013-09-16 20:01:24', '2013-11-01 10:13:46');
INSERT INTO users (id, first_name, last_name, email, phone, created_at, updated_at) VALUES (16, 'Garth', 'Hamill', 'adah.ferry@example.com', '+93(2)6150971434', '2014-07-12 04:23:18', '2014-07-12 04:23:18');
INSERT INTO users (id, first_name, last_name, email, phone, created_at, updated_at) VALUES (17, 'Alexandrea', 'Will', 'oceane38@example.net', '1-431-813-0534', '2020-07-18 04:04:50', '2020-08-15 23:16:34');
INSERT INTO users (id, first_name, last_name, email, phone, created_at, updated_at) VALUES (18, 'Ashton', 'Kerluke', 'jevon.cronin@example.net', '1-570-663-1262', '2016-09-10 11:55:01', '2019-07-30 19:14:34');
INSERT INTO users (id, first_name, last_name, email, phone, created_at, updated_at) VALUES (19, 'Fernando', 'Bernier', 'vincent.cummerata@example.com', '+13(7)0177763798', '2020-02-13 10:46:48', '2020-02-13 10:46:48');
INSERT INTO users (id, first_name, last_name, email, phone, created_at, updated_at) VALUES (20, 'Damaris', 'Conroy', 'fmoen@example.net', '138.478.1814x17816', '2020-02-16 20:10:12', '2021-02-14 22:06:53');
INSERT INTO users (id, first_name, last_name, email, phone, created_at, updated_at) VALUES (21, 'Lucio', 'Corkery', 'kade94@example.org', '07483993606', '2013-10-13 16:35:39', '2013-10-13 16:35:39');
INSERT INTO users (id, first_name, last_name, email, phone, created_at, updated_at) VALUES (22, 'Elliott', 'Graham', 'zachariah.homenick@example.com', '(824)920-9621x625', '2017-08-03 17:17:31', '2020-08-10 05:44:21');
INSERT INTO users (id, first_name, last_name, email, phone, created_at, updated_at) VALUES (23, 'Emily', 'Roob', 'wnader@example.org', '01777408061', '2014-11-14 23:34:22', '2017-02-27 20:57:30');
INSERT INTO users (id, first_name, last_name, email, phone, created_at, updated_at) VALUES (24, 'Alexandrea', 'McCullough', 'kconsidine@example.net', '+84(0)6382961134', '2018-10-02 11:34:00', '2018-10-02 11:34:00');
INSERT INTO users (id, first_name, last_name, email, phone, created_at, updated_at) VALUES (25, 'Hollie', 'Morar', 'ibrahim70@example.com', '1-624-192-7281', '2012-09-09 01:42:29', '2018-09-01 06:34:59');
INSERT INTO users (id, first_name, last_name, email, phone, created_at, updated_at) VALUES (26, 'Franz', 'Hilpert', 'ejast@example.com', '(546)128-6881', '2013-04-27 12:14:44', '2013-04-27 12:14:44');
INSERT INTO users (id, first_name, last_name, email, phone, created_at, updated_at) VALUES (27, 'Teagan', 'Gorczany', 'howell.cassin@example.com', '+06(1)6554839156', '2013-11-19 17:38:24', '2013-11-19 17:38:24');
INSERT INTO users (id, first_name, last_name, email, phone, created_at, updated_at) VALUES (28, 'Lucious', 'Green', 'watsica.cassie@example.com', '(479)316-2501', '2017-11-19 06:52:17', '2018-11-26 18:41:48');
INSERT INTO users (id, first_name, last_name, email, phone, created_at, updated_at) VALUES (29, 'Rosendo', 'Sipes', 'donnell63@example.org', '1-021-986-8611', '2017-01-20 07:44:40', '2020-07-07 05:51:54');
INSERT INTO users (id, first_name, last_name, email, phone, created_at, updated_at) VALUES (30, 'Bridget', 'Kutch', 'glennie59@example.net', '+40(9)5961706636', '2018-12-28 01:48:10', '2020-11-22 22:30:03');
INSERT INTO users (id, first_name, last_name, email, phone, created_at, updated_at) VALUES (31, 'Michael', 'Bechtelar', 'brakus.clovis@example.com', '(650)798-2413', '2015-03-17 13:48:03', '2015-03-17 13:48:03');
INSERT INTO users (id, first_name, last_name, email, phone, created_at, updated_at) VALUES (32, 'Era', 'Herzog', 'mcarter@example.org', '(132)160-7439', '2013-11-28 16:07:58', '2015-01-19 21:36:19');
INSERT INTO users (id, first_name, last_name, email, phone, created_at, updated_at) VALUES (33, 'Judy', 'Kemmer', 'neil.kub@example.net', '394-719-3780x1846', '2017-04-26 07:33:16', '2017-04-26 07:33:16');
INSERT INTO users (id, first_name, last_name, email, phone, created_at, updated_at) VALUES (34, 'Bennie', 'Leuschke', 'mkessler@example.net', '(852)084-4949x0492', '2011-11-08 09:58:38', '2011-11-08 09:58:38');
INSERT INTO users (id, first_name, last_name, email, phone, created_at, updated_at) VALUES (35, 'Candice', 'Auer', 'jayce06@example.com', '539-750-1556x3107', '2012-05-30 01:30:45', '2015-05-09 05:12:12');
INSERT INTO users (id, first_name, last_name, email, phone, created_at, updated_at) VALUES (36, 'Willa', 'Towne', 'rhianna99@example.org', '1-897-424-5725', '2020-11-09 05:46:27', '2020-11-09 05:46:27');
INSERT INTO users (id, first_name, last_name, email, phone, created_at, updated_at) VALUES (37, 'Stephanie', 'Boehm', 'derdman@example.com', '(707)822-0228', '2017-09-14 06:06:48', '2017-09-14 06:06:48');
INSERT INTO users (id, first_name, last_name, email, phone, created_at, updated_at) VALUES (38, 'Alessandro', 'Bailey', 'fmante@example.net', '1-528-962-7592x89327', '2020-05-06 10:16:23', '2020-12-30 14:53:27');
INSERT INTO users (id, first_name, last_name, email, phone, created_at, updated_at) VALUES (39, 'Kaci', 'Boehm', 'corene.bosco@example.com', '372-509-9430', '2012-06-21 05:40:43', '2014-09-12 05:28:12');
INSERT INTO users (id, first_name, last_name, email, phone, created_at, updated_at) VALUES (40, 'Claudia', 'Barton', 'vsanford@example.com', '810.596.7415', '2020-08-10 15:57:05', '2020-08-10 15:57:05');
INSERT INTO users (id, first_name, last_name, email, phone, created_at, updated_at) VALUES (41, 'Destinee', 'Rohan', 'connelly.kennith@example.org', '(231)771-7422x3911', '2018-10-22 04:54:10', '2018-10-22 04:54:10');
INSERT INTO users (id, first_name, last_name, email, phone, created_at, updated_at) VALUES (42, 'Dino', 'Eichmann', 'kmayer@example.com', '(383)989-9503', '2016-06-26 08:23:21', '2019-11-03 20:16:31');
INSERT INTO users (id, first_name, last_name, email, phone, created_at, updated_at) VALUES (43, 'Kailee', 'Stark', 'jackeline05@example.com', '+76(0)7848089943', '2012-11-01 19:00:08', '2012-11-01 19:00:08');
INSERT INTO users (id, first_name, last_name, email, phone, created_at, updated_at) VALUES (44, 'Christa', 'Moore', 'kareem58@example.org', '561-466-6895x424', '2019-09-23 21:32:13', '2019-09-23 21:32:13');
INSERT INTO users (id, first_name, last_name, email, phone, created_at, updated_at) VALUES (45, 'Whitney', 'Shields', 'estroman@example.org', '1-705-305-5193', '2013-06-04 01:10:21', '2019-03-09 02:04:51');
INSERT INTO users (id, first_name, last_name, email, phone, created_at, updated_at) VALUES (46, 'Michel', 'Waelchi', 'dhartmann@example.net', '625-473-1142', '2013-01-27 22:35:19', '2019-02-22 11:41:00');
INSERT INTO users (id, first_name, last_name, email, phone, created_at, updated_at) VALUES (47, 'Yoshiko', 'Tromp', 'predovic.aliya@example.org', '(589)019-1794', '2013-09-22 21:41:59', '2013-09-22 21:41:59');
INSERT INTO users (id, first_name, last_name, email, phone, created_at, updated_at) VALUES (48, 'Domenica', 'Bins', 'obeatty@example.net', '1-932-845-2945', '2015-08-29 15:11:51', '2017-06-12 00:30:31');
INSERT INTO users (id, first_name, last_name, email, phone, created_at, updated_at) VALUES (49, 'Guido', 'Nader', 'vincenzo.stiedemann@example.org', '1-573-252-4479x33115', '2012-05-28 18:56:22', '2012-05-28 18:56:22');
INSERT INTO users (id, first_name, last_name, email, phone, created_at, updated_at) VALUES (50, 'Isidro', 'Hirthe', 'zgleichner@example.org', '1-718-472-4905', '2018-10-19 21:08:55', '2018-10-19 21:08:55');


--
-- TOC entry 2953 (class 0 OID 70513)
-- Dependencies: 204
-- Data for Name: communities_users; Type: TABLE DATA; Schema:  Owner: postgres
--

INSERT INTO communities_users (community_id, user_id, created_at) VALUES (1, 21, '2021-04-18 19:29:23');
INSERT INTO communities_users (community_id, user_id, created_at) VALUES (1, 41, '2021-04-18 19:29:23');
INSERT INTO communities_users (community_id, user_id, created_at) VALUES (7, 7, '2021-04-18 19:29:23');
INSERT INTO communities_users (community_id, user_id, created_at) VALUES (7, 24, '2021-04-18 19:29:23');
INSERT INTO communities_users (community_id, user_id, created_at) VALUES (8, 45, '2021-04-18 19:29:23');
INSERT INTO communities_users (community_id, user_id, created_at) VALUES (9, 17, '2021-04-18 19:29:23');
INSERT INTO communities_users (community_id, user_id, created_at) VALUES (14, 2, '2021-04-18 19:29:23');
INSERT INTO communities_users (community_id, user_id, created_at) VALUES (15, 25, '2021-04-18 19:29:23');
INSERT INTO communities_users (community_id, user_id, created_at) VALUES (16, 31, '2021-04-18 19:29:23');
INSERT INTO communities_users (community_id, user_id, created_at) VALUES (17, 49, '2021-04-18 19:29:23');
INSERT INTO communities_users (community_id, user_id, created_at) VALUES (18, 6, '2021-04-18 19:29:23');
INSERT INTO communities_users (community_id, user_id, created_at) VALUES (19, 26, '2021-04-18 19:29:23');
INSERT INTO communities_users (community_id, user_id, created_at) VALUES (21, 11, '2021-04-18 19:29:23');
INSERT INTO communities_users (community_id, user_id, created_at) VALUES (21, 35, '2021-04-18 19:29:23');
INSERT INTO communities_users (community_id, user_id, created_at) VALUES (23, 25, '2021-04-18 19:29:23');
INSERT INTO communities_users (community_id, user_id, created_at) VALUES (26, 16, '2021-04-18 19:29:23');
INSERT INTO communities_users (community_id, user_id, created_at) VALUES (26, 40, '2021-04-18 19:29:23');
INSERT INTO communities_users (community_id, user_id, created_at) VALUES (27, 33, '2021-04-18 19:29:23');
INSERT INTO communities_users (community_id, user_id, created_at) VALUES (30, 34, '2021-04-18 19:29:23');
INSERT INTO communities_users (community_id, user_id, created_at) VALUES (30, 50, '2021-04-18 19:29:23');


--
-- TOC entry 2956 (class 0 OID 70543)
-- Dependencies: 207
-- Data for Name: friendship_statuses; Type: TABLE DATA; Schema:  Owner: postgres
--

INSERT INTO friendship_statuses (id, name, created_at, updated_at) VALUES (1, 'Requested', '2021-04-18 17:33:20', '2021-04-18 17:33:20');
INSERT INTO friendship_statuses (id, name, created_at, updated_at) VALUES (2, 'Confirmed', '2021-04-18 17:33:20', '2021-04-18 17:33:20');
INSERT INTO friendship_statuses (id, name, created_at, updated_at) VALUES (3, 'Rejected', '2021-04-18 17:33:20', '2021-04-18 17:33:20');


--
-- TOC entry 2954 (class 0 OID 70532)
-- Dependencies: 205
-- Data for Name: friendship; Type: TABLE DATA; Schema:  Owner: postgres
--

INSERT INTO friendship (user_id, friend_id, friendship_status_id, confirmed_at, created_at, updated_at) VALUES (3, 6, 1, '1994-03-29 23:04:21', '1994-03-29 23:04:21', '2021-04-18 18:14:49');
INSERT INTO friendship (user_id, friend_id, friendship_status_id, confirmed_at, created_at, updated_at) VALUES (6, 30, 3, '1989-12-22 02:36:08', '1973-10-11 11:30:54', '2021-04-18 17:28:25');
INSERT INTO friendship (user_id, friend_id, friendship_status_id, confirmed_at, created_at, updated_at) VALUES (7, 4, 3, '2011-05-03 10:38:11', '1973-05-04 08:49:19', '2021-04-18 17:28:25');
INSERT INTO friendship (user_id, friend_id, friendship_status_id, confirmed_at, created_at, updated_at) VALUES (11, 17, 1, '2020-03-27 03:00:29', '2020-03-27 03:00:29', '2021-04-18 18:14:49');
INSERT INTO friendship (user_id, friend_id, friendship_status_id, confirmed_at, created_at, updated_at) VALUES (12, 43, 1, '1991-09-14 09:09:02', '1991-09-14 09:09:02', '2021-04-18 18:14:49');
INSERT INTO friendship (user_id, friend_id, friendship_status_id, confirmed_at, created_at, updated_at) VALUES (15, 35, 3, '2019-01-04 05:27:20', '2019-01-04 05:27:20', '2021-04-18 18:14:49');
INSERT INTO friendship (user_id, friend_id, friendship_status_id, confirmed_at, created_at, updated_at) VALUES (16, 13, 2, '2011-05-23 07:22:51', '2011-05-23 07:22:51', '2021-04-18 18:14:49');
INSERT INTO friendship (user_id, friend_id, friendship_status_id, confirmed_at, created_at, updated_at) VALUES (19, 23, 3, '1991-09-16 00:52:30', '1991-09-16 00:52:30', '2021-04-18 18:14:49');
INSERT INTO friendship (user_id, friend_id, friendship_status_id, confirmed_at, created_at, updated_at) VALUES (20, 48, 2, '2000-02-28 11:43:13', '1987-09-29 19:45:05', '2021-04-18 17:28:25');
INSERT INTO friendship (user_id, friend_id, friendship_status_id, confirmed_at, created_at, updated_at) VALUES (21, 36, 2, '1998-10-20 10:06:31', '1998-10-20 10:06:31', '2021-04-18 18:14:49');
INSERT INTO friendship (user_id, friend_id, friendship_status_id, confirmed_at, created_at, updated_at) VALUES (21, 46, 1, '2004-09-30 23:32:45', '1970-10-19 03:05:20', '2021-04-18 17:28:25');
INSERT INTO friendship (user_id, friend_id, friendship_status_id, confirmed_at, created_at, updated_at) VALUES (24, 19, 3, '2019-10-10 20:40:44', '2008-08-23 05:42:38', '2021-04-18 17:28:25');
INSERT INTO friendship (user_id, friend_id, friendship_status_id, confirmed_at, created_at, updated_at) VALUES (25, 48, 1, '1993-09-03 17:40:56', '1993-09-03 17:40:56', '2021-04-18 18:14:49');
INSERT INTO friendship (user_id, friend_id, friendship_status_id, confirmed_at, created_at, updated_at) VALUES (27, 47, 2, '2019-10-28 21:22:57', '1978-07-31 19:06:06', '2021-04-18 17:28:25');
INSERT INTO friendship (user_id, friend_id, friendship_status_id, confirmed_at, created_at, updated_at) VALUES (31, 48, 1, '2020-11-21 06:05:46', '1973-03-25 00:12:19', '2021-04-18 17:28:25');
INSERT INTO friendship (user_id, friend_id, friendship_status_id, confirmed_at, created_at, updated_at) VALUES (32, 12, 2, '1983-08-13 01:04:33', '1983-08-13 01:04:33', '2021-04-18 18:14:49');
INSERT INTO friendship (user_id, friend_id, friendship_status_id, confirmed_at, created_at, updated_at) VALUES (32, 21, 3, '2019-03-15 07:28:33', '2019-03-15 07:28:33', '2021-04-18 18:14:49');
INSERT INTO friendship (user_id, friend_id, friendship_status_id, confirmed_at, created_at, updated_at) VALUES (32, 23, 1, '1995-06-06 00:59:42', '1994-01-02 10:36:24', '2021-04-18 17:28:25');
INSERT INTO friendship (user_id, friend_id, friendship_status_id, confirmed_at, created_at, updated_at) VALUES (32, 36, 2, '1993-10-13 12:06:58', '1980-04-17 08:53:48', '2021-04-18 17:28:25');
INSERT INTO friendship (user_id, friend_id, friendship_status_id, confirmed_at, created_at, updated_at) VALUES (37, 28, 1, '1997-12-01 09:51:02', '1997-12-01 09:51:02', '2021-04-18 18:14:49');
INSERT INTO friendship (user_id, friend_id, friendship_status_id, confirmed_at, created_at, updated_at) VALUES (38, 29, 1, '1992-02-02 22:46:30', '1991-01-26 21:58:23', '2021-04-18 17:28:25');
INSERT INTO friendship (user_id, friend_id, friendship_status_id, confirmed_at, created_at, updated_at) VALUES (45, 31, 3, '2004-10-18 15:57:09', '2002-09-22 00:22:19', '2021-04-18 17:28:25');
INSERT INTO friendship (user_id, friend_id, friendship_status_id, confirmed_at, created_at, updated_at) VALUES (47, 2, 2, '1996-07-12 22:31:34', '1996-07-12 22:31:34', '2021-04-18 18:14:49');
INSERT INTO friendship (user_id, friend_id, friendship_status_id, confirmed_at, created_at, updated_at) VALUES (49, 34, 2, '2006-12-21 06:24:14', '2006-12-21 06:24:14', '2021-04-18 18:14:49');


--
-- TOC entry 2958 (class 0 OID 70555)
-- Dependencies: 209
-- Data for Name: likes; Type: TABLE DATA; Schema:  Owner: postgres
--

INSERT INTO likes (id, user_id, target_id, target_type, created_at) VALUES (1, 36, 67, 'users', '2021-04-25 13:05:34');
INSERT INTO likes (id, user_id, target_id, target_type, created_at) VALUES (3, 19, 71, 'posts', '2021-04-25 13:05:34');
INSERT INTO likes (id, user_id, target_id, target_type, created_at) VALUES (4, 9, 97, 'users', '2021-04-25 13:05:34');
INSERT INTO likes (id, user_id, target_id, target_type, created_at) VALUES (5, 9, 25, 'users', '2021-04-25 13:05:34');
INSERT INTO likes (id, user_id, target_id, target_type, created_at) VALUES (9, 48, 45, 'posts', '2021-04-25 13:05:34');
INSERT INTO likes (id, user_id, target_id, target_type, created_at) VALUES (10, 28, 12, 'posts', '2021-04-25 13:05:34');
INSERT INTO likes (id, user_id, target_id, target_type, created_at) VALUES (11, 36, 73, 'users', '2021-04-25 13:05:34');
INSERT INTO likes (id, user_id, target_id, target_type, created_at) VALUES (12, 9, 1, 'posts', '2021-04-25 13:05:34');
INSERT INTO likes (id, user_id, target_id, target_type, created_at) VALUES (13, 22, 75, 'media', '2021-04-25 13:05:34');
INSERT INTO likes (id, user_id, target_id, target_type, created_at) VALUES (15, 13, 22, 'posts', '2021-04-25 13:05:34');
INSERT INTO likes (id, user_id, target_id, target_type, created_at) VALUES (16, 26, 60, 'media', '2021-04-25 13:05:34');
INSERT INTO likes (id, user_id, target_id, target_type, created_at) VALUES (19, 45, 48, 'media', '2021-04-25 13:05:34');
INSERT INTO likes (id, user_id, target_id, target_type, created_at) VALUES (23, 48, 30, 'media', '2021-04-25 13:05:34');
INSERT INTO likes (id, user_id, target_id, target_type, created_at) VALUES (27, 9, 25, 'posts', '2021-04-25 13:05:34');
INSERT INTO likes (id, user_id, target_id, target_type, created_at) VALUES (33, 29, 8, 'messages', '2021-04-25 13:05:34');
INSERT INTO likes (id, user_id, target_id, target_type, created_at) VALUES (34, 36, 44, 'media', '2021-04-25 13:05:34');
INSERT INTO likes (id, user_id, target_id, target_type, created_at) VALUES (35, 38, 98, 'users', '2021-04-25 13:05:34');
INSERT INTO likes (id, user_id, target_id, target_type, created_at) VALUES (38, 7, 72, 'posts', '2021-04-25 13:05:34');
INSERT INTO likes (id, user_id, target_id, target_type, created_at) VALUES (42, 29, 76, 'users', '2021-04-25 13:05:34');
INSERT INTO likes (id, user_id, target_id, target_type, created_at) VALUES (43, 45, 41, 'messages', '2021-04-25 13:05:34');
INSERT INTO likes (id, user_id, target_id, target_type, created_at) VALUES (44, 18, 42, 'posts', '2021-04-25 13:05:34');
INSERT INTO likes (id, user_id, target_id, target_type, created_at) VALUES (45, 27, 95, 'posts', '2021-04-25 13:05:34');
INSERT INTO likes (id, user_id, target_id, target_type, created_at) VALUES (46, 2, 35, 'users', '2021-04-25 13:05:34');
INSERT INTO likes (id, user_id, target_id, target_type, created_at) VALUES (47, 20, 93, 'media', '2021-04-25 13:05:34');
INSERT INTO likes (id, user_id, target_id, target_type, created_at) VALUES (49, 33, 24, 'media', '2021-04-25 13:05:34');
INSERT INTO likes (id, user_id, target_id, target_type, created_at) VALUES (50, 17, 84, 'users', '2021-04-25 13:05:34');


--
-- TOC entry 2962 (class 0 OID 70582)
-- Dependencies: 213
-- Data for Name: media_types; Type: TABLE DATA; Schema:  Owner: postgres
--

INSERT INTO media_types (id, name, created_at, updated_at) VALUES (1, 'photo', '2021-04-18 15:24:25', '2021-04-18 15:24:25');
INSERT INTO media_types (id, name, created_at, updated_at) VALUES (2, 'video', '2021-04-18 15:24:25', '2021-04-18 15:24:25');
INSERT INTO media_types (id, name, created_at, updated_at) VALUES (3, 'audio', '2021-04-18 15:24:25', '2021-04-18 15:24:25');


--
-- TOC entry 2960 (class 0 OID 70566)
-- Dependencies: 211
-- Data for Name: media; Type: TABLE DATA; Schema:  Owner: postgres
--

INSERT INTO media (id, user_id, filename, size, metadata, media_type_id, created_at, updated_at) VALUES (1, 45, 'http://dropbox.net/vk/aut.mp4', 4432775, '{"owner": "Whitney Shields"}', 1, '2011-11-22 18:28:13', '2021-04-18 15:27:18');
INSERT INTO media (id, user_id, filename, size, metadata, media_type_id, created_at, updated_at) VALUES (3, 46, 'http://dropbox.net/vk/occaecati.png', 14665956, '{"owner": "Michel Waelchi"}', 2, '2011-11-04 06:41:27', '2021-04-18 15:08:35');
INSERT INTO media (id, user_id, filename, size, metadata, media_type_id, created_at, updated_at) VALUES (4, 34, 'http://dropbox.net/vk/maiores.avi', 59931455, '{"owner": "Bennie Leuschke"}', 1, '2013-11-06 09:58:38', '2021-04-18 15:27:18');
INSERT INTO media (id, user_id, filename, size, metadata, media_type_id, created_at, updated_at) VALUES (5, 25, 'http://dropbox.net/vk/voluptatem.mp3', 659663648, '{"owner": "Hollie Morar"}', 3, '2016-02-11 17:03:59', '2021-04-18 15:27:18');
INSERT INTO media (id, user_id, filename, size, metadata, media_type_id, created_at, updated_at) VALUES (6, 7, 'http://dropbox.net/vk/qui.png', 55559413, '{"owner": "Roslyn Mraz"}', 2, '2016-10-31 23:28:33', '2021-04-18 15:08:35');
INSERT INTO media (id, user_id, filename, size, metadata, media_type_id, created_at, updated_at) VALUES (7, 27, 'http://dropbox.net/vk/cum.mp3', 97902703, '{"owner": "Teagan Gorczany"}', 3, '2015-01-03 17:00:36', '2021-04-18 15:27:18');
INSERT INTO media (id, user_id, filename, size, metadata, media_type_id, created_at, updated_at) VALUES (8, 2, 'http://dropbox.net/vk/qui.mp3', 5035688, '{"owner": "Randi Morissette"}', 1, '2018-09-11 12:58:01', '2021-04-18 15:27:18');
INSERT INTO media (id, user_id, filename, size, metadata, media_type_id, created_at, updated_at) VALUES (9, 32, 'http://dropbox.net/vk/minima.mp4', 486981, '{"owner": "Era Herzog"}', 3, '2012-05-30 07:02:55', '2021-04-18 15:27:18');
INSERT INTO media (id, user_id, filename, size, metadata, media_type_id, created_at, updated_at) VALUES (14, 2, 'http://dropbox.net/vk/rerum.avi', 742688, '{"owner": "Randi Morissette"}', 2, '2011-12-05 11:55:56', '2021-04-18 15:08:35');
INSERT INTO media (id, user_id, filename, size, metadata, media_type_id, created_at, updated_at) VALUES (15, 13, 'http://dropbox.net/vk/voluptates.jpg', 31035620, '{"owner": "Stanford Boyer"}', 3, '2013-09-05 16:29:15', '2021-04-18 15:27:18');
INSERT INTO media (id, user_id, filename, size, metadata, media_type_id, created_at, updated_at) VALUES (16, 35, 'http://dropbox.net/vk/facilis.mp3', 464214, '{"owner": "Candice Auer"}', 3, '2018-02-14 07:08:07', '2021-04-18 15:27:18');
INSERT INTO media (id, user_id, filename, size, metadata, media_type_id, created_at, updated_at) VALUES (19, 39, 'http://dropbox.net/vk/quis.jpg', 633364285, '{"owner": "Kaci Boehm"}', 3, '2020-02-07 19:42:55', '2021-04-18 15:27:18');
INSERT INTO media (id, user_id, filename, size, metadata, media_type_id, created_at, updated_at) VALUES (21, 1, 'http://dropbox.net/vk/aut.png', 61828, '{"owner": "Kellen Romaguera"}', 2, '2017-01-04 13:05:21', '2021-04-18 15:27:18');
INSERT INTO media (id, user_id, filename, size, metadata, media_type_id, created_at, updated_at) VALUES (23, 14, 'http://dropbox.net/vk/quia.mp3', 34276787, '{"owner": "Kyle Frami"}', 3, '2015-10-19 16:44:49', '2021-04-18 15:27:18');
INSERT INTO media (id, user_id, filename, size, metadata, media_type_id, created_at, updated_at) VALUES (27, 17, 'http://dropbox.net/vk/similique.mp3', 21507445, '{"owner": "Alexandrea Will"}', 3, '2020-05-14 20:49:33', '2021-04-18 15:08:35');
INSERT INTO media (id, user_id, filename, size, metadata, media_type_id, created_at, updated_at) VALUES (28, 28, 'http://dropbox.net/vk/rerum.png', 10492905, '{"owner": "Lucious Green"}', 2, '2016-02-18 17:31:17', '2021-04-18 15:27:18');
INSERT INTO media (id, user_id, filename, size, metadata, media_type_id, created_at, updated_at) VALUES (30, 30, 'http://dropbox.net/vk/placeat.mp4', 87842195, '{"owner": "Bridget Kutch"}', 1, '2014-10-15 04:27:04', '2021-04-18 15:27:18');
INSERT INTO media (id, user_id, filename, size, metadata, media_type_id, created_at, updated_at) VALUES (32, 41, 'http://dropbox.net/vk/iusto.mp4', 7632265, '{"owner": "Destinee Rohan"}', 3, '2017-03-01 06:57:20', '2021-04-18 15:27:18');
INSERT INTO media (id, user_id, filename, size, metadata, media_type_id, created_at, updated_at) VALUES (34, 43, 'http://dropbox.net/vk/deleniti.png', 49676916, '{"owner": "Kailee Stark"}', 3, '2012-10-27 19:28:09', '2021-04-18 15:27:18');
INSERT INTO media (id, user_id, filename, size, metadata, media_type_id, created_at, updated_at) VALUES (38, 10, 'http://dropbox.net/vk/nihil.jpg', 74271058, '{"owner": "Rylan VonRueden"}', 2, '2015-12-13 10:22:00', '2021-04-18 15:27:18');
INSERT INTO media (id, user_id, filename, size, metadata, media_type_id, created_at, updated_at) VALUES (39, 48, 'http://dropbox.net/vk/impedit.mp4', 681245717, '{"owner": "Domenica Bins"}', 2, '2012-08-09 00:36:38', '2021-04-18 15:27:18');
INSERT INTO media (id, user_id, filename, size, metadata, media_type_id, created_at, updated_at) VALUES (41, 1, 'http://dropbox.net/vk/sit.mp4', 97798077, '{"owner": "Kellen Romaguera"}', 1, '2014-10-24 13:26:42', '2021-04-18 15:27:18');
INSERT INTO media (id, user_id, filename, size, metadata, media_type_id, created_at, updated_at) VALUES (44, 24, 'http://dropbox.net/vk/excepturi.jpg', 24046809, '{"owner": "Alexandrea McCullough"}', 2, '2011-05-04 00:31:58', '2021-04-18 15:27:18');
INSERT INTO media (id, user_id, filename, size, metadata, media_type_id, created_at, updated_at) VALUES (45, 9, 'http://dropbox.net/vk/debitis.jpg', 61531953, '{"owner": "Angel Windler"}', 3, '2015-08-28 22:06:56', '2021-04-18 15:27:18');
INSERT INTO media (id, user_id, filename, size, metadata, media_type_id, created_at, updated_at) VALUES (46, 31, 'http://dropbox.net/vk/blanditiis.jpg', 30660386, '{"owner": "Michael Bechtelar"}', 3, '2011-05-10 02:26:20', '2021-04-18 15:27:18');
INSERT INTO media (id, user_id, filename, size, metadata, media_type_id, created_at, updated_at) VALUES (47, 17, 'http://dropbox.net/vk/ut.mp4', 81061506, '{"owner": "Alexandrea Will"}', 3, '2020-04-22 04:12:25', '2021-04-18 15:27:18');
INSERT INTO media (id, user_id, filename, size, metadata, media_type_id, created_at, updated_at) VALUES (50, 21, 'http://dropbox.net/vk/delectus.mp4', 22847370, '{"owner": "Lucio Corkery"}', 3, '2017-07-13 22:24:27', '2021-04-18 15:08:35');


--
-- TOC entry 2964 (class 0 OID 70594)
-- Dependencies: 215
-- Data for Name: messages; Type: TABLE DATA; Schema:  Owner: postgres
--

INSERT INTO messages (id, from_user_id, to_user_id, body, is_important, is_delivered, created_at) VALUES (9, 47, 24, 'Doloribus quas expedita qui et. Inventore ut nesciunt aut quae in quam sit. Qui quod voluptatum eos quis dolore dolor.', 0, 0, '2014-02-15 17:27:09');
INSERT INTO messages (id, from_user_id, to_user_id, body, is_important, is_delivered, created_at) VALUES (10, 16, 5, 'Accusantium consequuntur quisquam minus consectetur quis ut perspiciatis. Non id est perferendis ipsa error aut illo expedita. Sit temporibus molestias earum dolorem odit facilis. Vel molestias eos a sit sint enim.', 0, 0, '2016-10-16 00:01:26');
INSERT INTO messages (id, from_user_id, to_user_id, body, is_important, is_delivered, created_at) VALUES (13, 30, 3, 'Vel quisquam explicabo voluptatem voluptatum. Voluptatibus aperiam est placeat aut. Esse dicta repellendus non qui dolor atque reprehenderit. Nesciunt dolor neque pariatur ut vel molestiae.', 1, 0, '2020-01-08 06:37:41');
INSERT INTO messages (id, from_user_id, to_user_id, body, is_important, is_delivered, created_at) VALUES (18, 33, 47, 'Et recusandae officia et ullam. Molestiae quos temporibus error aliquam aperiam voluptatem. Nostrum corporis dolorem sint iusto consequuntur aut ipsum.', 1, 0, '2018-09-10 16:09:42');
INSERT INTO messages (id, from_user_id, to_user_id, body, is_important, is_delivered, created_at) VALUES (20, 9, 50, 'Laborum ex quasi provident repellendus assumenda vero et odio. Impedit beatae odio in et. Fugiat sit voluptatibus praesentium illo ut. Voluptas quis officia voluptatum esse maxime et molestiae adipisci.', 0, 0, '2020-10-08 09:44:13');
INSERT INTO messages (id, from_user_id, to_user_id, body, is_important, is_delivered, created_at) VALUES (22, 20, 39, 'Voluptas suscipit totam sed qui. Rerum adipisci consequatur accusamus quam. Quasi dicta voluptatum a nostrum in est et. Dolores voluptatem rerum laborum aperiam neque.', 0, 0, '2015-07-01 08:06:48');
INSERT INTO messages (id, from_user_id, to_user_id, body, is_important, is_delivered, created_at) VALUES (29, 49, 49, 'Animi accusamus corporis dolor repellendus commodi adipisci. Iste eum unde et eveniet ipsum dolores. Omnis et mollitia laudantium ea.', 1, 1, '2016-01-01 00:22:32');
INSERT INTO messages (id, from_user_id, to_user_id, body, is_important, is_delivered, created_at) VALUES (30, 38, 13, 'Dignissimos ut et illum deleniti illum. Maiores dignissimos et est. Nam sapiente explicabo excepturi nam quo.', 1, 1, '2015-12-09 12:50:24');
INSERT INTO messages (id, from_user_id, to_user_id, body, is_important, is_delivered, created_at) VALUES (34, 44, 32, 'Veritatis amet qui sunt in consequatur facilis numquam. Aliquam corrupti expedita ad ipsum voluptas. Reprehenderit exercitationem qui deserunt aut.', 0, 1, '2014-02-13 03:49:03');
INSERT INTO messages (id, from_user_id, to_user_id, body, is_important, is_delivered, created_at) VALUES (37, 6, 1, 'Aspernatur ratione repudiandae excepturi sed. Quia animi enim accusantium autem et. Occaecati eius veniam facere nihil earum sed cumque.', 0, 1, '2019-06-17 06:47:11');
INSERT INTO messages (id, from_user_id, to_user_id, body, is_important, is_delivered, created_at) VALUES (45, 11, 1, 'Unde aut magni voluptatibus itaque. Eos laboriosam sunt sequi voluptatum beatae ad quas. Libero fuga saepe aspernatur non id. Ea enim aut porro praesentium dignissimos vitae harum.', 1, 0, '2016-11-15 01:47:32');
INSERT INTO messages (id, from_user_id, to_user_id, body, is_important, is_delivered, created_at) VALUES (46, 46, 35, 'Cum perspiciatis repudiandae ex neque magni eveniet. Illo expedita et distinctio ipsam. Dolorem ut qui harum illo architecto.', 1, 0, '2011-10-02 23:24:56');


--
-- TOC entry 2966 (class 0 OID 70609)
-- Dependencies: 217
-- Data for Name: posts; Type: TABLE DATA; Schema:  Owner: postgres
--

INSERT INTO posts (id, user_id, community_id, head, body, media_id, is_public, is_archived, created_at, updated_at) VALUES (2, 37, 22, 'Quaerat sunt voluptates eligendi sit in cum voluptatem.', 'Sunt necessitatibus assumenda nemo voluptatem quis. Debitis tempora animi autem eum sed. Velit voluptatem rerum aut illo voluptates nostrum.', 4, 1, 0, '2012-03-24 14:04:58', '2012-08-02 22:28:41');
INSERT INTO posts (id, user_id, community_id, head, body, media_id, is_public, is_archived, created_at, updated_at) VALUES (4, 45, 6, 'Eveniet quasi est dolor.', 'Minima veniam natus officia odit ea. Magnam sequi ullam exercitationem dolor voluptas. Est tempore eligendi id beatae quia. Consequatur nisi voluptatum qui eos et asperiores et voluptate.', 44, 1, 1, '2015-05-27 04:58:33', '2014-09-29 13:34:31');
INSERT INTO posts (id, user_id, community_id, head, body, media_id, is_public, is_archived, created_at, updated_at) VALUES (18, 38, 7, 'Modi ipsum repellat unde.', 'Fugiat ut delectus enim earum architecto harum. Cumque eveniet eaque suscipit maiores est.', 8, 1, 0, '2016-06-09 17:02:38', '2020-06-04 17:47:40');
INSERT INTO posts (id, user_id, community_id, head, body, media_id, is_public, is_archived, created_at, updated_at) VALUES (50, 5, 17, 'Impedit mollitia asperiores eos officiis exercitationem.', 'Consectetur eos laudantium dolorum cum molestias aliquid. In iste quibusdam repellat non officiis dolorum aperiam. Consequatur sit at voluptatem aliquam.', 47, 0, 1, '2012-06-12 06:05:38', '2019-06-11 11:23:30');


--
-- TOC entry 2967 (class 0 OID 70624)
-- Dependencies: 218
-- Data for Name: profiles; Type: TABLE DATA; Schema:  Owner: postgres
--

INSERT INTO profiles (user_id, gender, birthday, city, country, created_at, updated_at) VALUES (1, 'm', '1976-01-09', 'North Nayeli', 'Suriname', '2013-01-23 17:39:16', '2013-01-23 17:39:16');
INSERT INTO profiles (user_id, gender, birthday, city, country, created_at, updated_at) VALUES (2, 'm', '1972-08-06', 'New Maxine', 'Nauru', '2015-07-09 10:30:21', '2020-10-01 11:42:02');
INSERT INTO profiles (user_id, gender, birthday, city, country, created_at, updated_at) VALUES (3, 'f', '2011-02-14', 'North Darylland', 'Syrian Arab Re', '2017-02-03 19:10:48', '2017-02-03 19:10:48');
INSERT INTO profiles (user_id, gender, birthday, city, country, created_at, updated_at) VALUES (4, 'f', '1981-02-18', 'New America', 'Gibraltar', '2015-07-26 16:25:17', '2017-08-07 16:46:13');
INSERT INTO profiles (user_id, gender, birthday, city, country, created_at, updated_at) VALUES (5, 'm', '1988-09-08', 'East Luciousland', 'Qatar', '2019-11-09 20:05:14', '2019-11-09 20:05:14');
INSERT INTO profiles (user_id, gender, birthday, city, country, created_at, updated_at) VALUES (6, 'f', '1999-09-04', 'South Noahberg', 'Mayotte', '2011-08-24 09:53:40', '2015-10-02 16:02:22');
INSERT INTO profiles (user_id, gender, birthday, city, country, created_at, updated_at) VALUES (7, 'm', '2017-01-06', 'Lake Odell', 'Qatar', '2014-07-07 01:36:33', '2015-09-27 08:35:48');
INSERT INTO profiles (user_id, gender, birthday, city, country, created_at, updated_at) VALUES (8, 'f', '1980-08-09', 'Port Barbaraport', 'Brunei Darussalam', '2019-04-03 16:31:05', '2019-04-03 16:31:05');
INSERT INTO profiles (user_id, gender, birthday, city, country, created_at, updated_at) VALUES (9, 'f', '1996-10-16', 'Fadelstad', 'Albania', '2012-05-10 13:20:05', '2016-07-12 22:24:12');
INSERT INTO profiles (user_id, gender, birthday, city, country, created_at, updated_at) VALUES (10, 'm', '1997-06-11', 'Port Rhiannabury', 'Rwanda', '2012-11-16 12:12:06', '2015-03-20 17:39:59');
INSERT INTO profiles (user_id, gender, birthday, city, country, created_at, updated_at) VALUES (11, 'm', '1987-09-28', 'Aurelioville', 'Norway', '2011-08-21 23:06:38', '2019-05-11 16:40:36');
INSERT INTO profiles (user_id, gender, birthday, city, country, created_at, updated_at) VALUES (12, 'm', '2011-06-09', 'Kaceystad', 'Madagascar', '2020-01-29 22:20:53', '2020-01-29 22:20:53');
INSERT INTO profiles (user_id, gender, birthday, city, country, created_at, updated_at) VALUES (13, 'f', '1975-06-19', 'Ambrosehaven', 'Jordan', '2018-07-19 03:38:48', '2019-04-25 01:13:36');
INSERT INTO profiles (user_id, gender, birthday, city, country, created_at, updated_at) VALUES (14, 'm', '2012-02-08', 'Oberbrunnershire', 'Liechtenstein', '2017-10-14 19:51:23', '2017-10-14 19:51:23');
INSERT INTO profiles (user_id, gender, birthday, city, country, created_at, updated_at) VALUES (15, 'f', '1990-04-27', 'Amyaview', 'Bouvet Island (Bouvetoya)', '2013-09-29 08:22:19', '2019-06-07 05:56:32');
INSERT INTO profiles (user_id, gender, birthday, city, country, created_at, updated_at) VALUES (16, 'f', '1970-11-17', 'Guidoborough', 'Honduras', '2013-03-26 06:23:16', '2017-08-30 07:18:43');
INSERT INTO profiles (user_id, gender, birthday, city, country, created_at, updated_at) VALUES (17, 'm', '2018-11-11', 'North Marina', 'Ghana', '2014-07-01 20:02:06', '2014-07-01 20:02:06');
INSERT INTO profiles (user_id, gender, birthday, city, country, created_at, updated_at) VALUES (18, 'f', '2018-12-21', 'Naomiefort', 'Monaco', '2015-10-26 04:24:02', '2020-02-07 19:59:40');
INSERT INTO profiles (user_id, gender, birthday, city, country, created_at, updated_at) VALUES (19, 'm', '1971-05-19', 'New Lydamouth', 'Cocos (Keeling) Islands', '2014-01-27 00:27:29', '2014-01-27 00:27:29');
INSERT INTO profiles (user_id, gender, birthday, city, country, created_at, updated_at) VALUES (20, 'm', '2016-07-10', 'Port Paulbury', 'Holy See (Vatican City State)', '2017-02-08 19:36:42', '2017-02-08 19:36:42');
INSERT INTO profiles (user_id, gender, birthday, city, country, created_at, updated_at) VALUES (21, 'm', '2019-04-25', 'West Kaitlinfort', 'Maldives', '2017-03-11 00:28:25', '2017-03-11 00:28:25');
INSERT INTO profiles (user_id, gender, birthday, city, country, created_at, updated_at) VALUES (22, 'f', '2012-12-20', 'New Ryannfort', 'Anguilla', '2013-03-31 02:48:20', '2013-08-04 20:52:47');
INSERT INTO profiles (user_id, gender, birthday, city, country, created_at, updated_at) VALUES (23, 'm', '1973-11-12', 'East Travonview', 'Lao Peoples Democratic Re', '2015-09-01 02:50:47', '2016-03-27 06:27:17');
INSERT INTO profiles (user_id, gender, birthday, city, country, created_at, updated_at) VALUES (24, 'f', '2001-04-26', 'Welchmouth', 'Peru', '2017-03-09 14:23:57', '2018-10-06 22:10:45');
INSERT INTO profiles (user_id, gender, birthday, city, country, created_at, updated_at) VALUES (25, 'm', '1983-08-11', 'Stokesbury', 'Denmark', '2012-09-26 13:11:34', '2012-09-26 13:11:34');
INSERT INTO profiles (user_id, gender, birthday, city, country, created_at, updated_at) VALUES (26, 'f', '2014-09-05', 'Kamilleton', 'Cambodia', '2020-07-02 19:51:42', '2020-07-02 19:51:42');
INSERT INTO profiles (user_id, gender, birthday, city, country, created_at, updated_at) VALUES (27, 'f', '1991-08-31', 'Port Arvid', 'Ghana', '2012-02-16 13:17:08', '2019-11-29 10:50:24');
INSERT INTO profiles (user_id, gender, birthday, city, country, created_at, updated_at) VALUES (28, 'f', '2004-12-13', 'Marquardtberg', 'Iran', '2017-05-23 18:22:25', '2021-03-02 21:09:57');
INSERT INTO profiles (user_id, gender, birthday, city, country, created_at, updated_at) VALUES (29, 'f', '1972-12-13', 'Tillmanmouth', 'Barbados', '2013-08-01 23:43:52', '2017-03-22 11:52:17');
INSERT INTO profiles (user_id, gender, birthday, city, country, created_at, updated_at) VALUES (30, 'm', '1977-07-23', 'Sibylview', 'Western Sahara', '2012-02-23 05:45:41', '2015-02-25 23:31:57');
INSERT INTO profiles (user_id, gender, birthday, city, country, created_at, updated_at) VALUES (31, 'f', '2015-07-10', 'West Rosaliastad', 'Bosnia and Herzegovina', '2019-09-04 06:39:00', '2019-09-04 06:39:00');
INSERT INTO profiles (user_id, gender, birthday, city, country, created_at, updated_at) VALUES (32, 'f', '2001-09-18', 'Sanfordmouth', 'Guernsey', '2019-04-05 20:24:18', '2019-04-05 20:24:18');
INSERT INTO profiles (user_id, gender, birthday, city, country, created_at, updated_at) VALUES (33, 'm', '1974-05-06', 'East Cassandrefort', 'Belize', '2016-07-31 10:35:01', '2016-07-31 10:35:01');
INSERT INTO profiles (user_id, gender, birthday, city, country, created_at, updated_at) VALUES (34, 'f', '2013-01-11', 'Shayleeburgh', 'Israel', '2019-01-16 18:10:31', '2019-01-16 18:10:31');
INSERT INTO profiles (user_id, gender, birthday, city, country, created_at, updated_at) VALUES (35, 'f', '1999-04-08', 'East Sandrineton', 'Tanzania', '2017-07-26 04:04:50', '2017-07-26 04:04:50');
INSERT INTO profiles (user_id, gender, birthday, city, country, created_at, updated_at) VALUES (36, 'f', '1995-09-24', 'Lake Kileyton', 'Tuvalu', '2018-05-29 07:13:21', '2018-05-29 07:13:21');
INSERT INTO profiles (user_id, gender, birthday, city, country, created_at, updated_at) VALUES (37, 'f', '2014-03-16', 'Esperanzaberg', 'Gibraltar', '2012-07-24 04:21:34', '2020-01-17 21:43:09');
INSERT INTO profiles (user_id, gender, birthday, city, country, created_at, updated_at) VALUES (38, 'm', '1973-11-18', 'New Ritaborough', 'Guinea', '2011-06-22 17:26:35', '2018-06-21 10:52:30');
INSERT INTO profiles (user_id, gender, birthday, city, country, created_at, updated_at) VALUES (39, 'm', '1995-01-28', 'Jackybury', 'Thailand', '2018-05-08 04:24:43', '2019-03-13 14:54:29');
INSERT INTO profiles (user_id, gender, birthday, city, country, created_at, updated_at) VALUES (40, 'm', '1991-03-12', 'New Jairo', 'Christmas Island', '2016-01-23 06:51:58', '2016-01-23 06:51:58');
INSERT INTO profiles (user_id, gender, birthday, city, country, created_at, updated_at) VALUES (41, 'm', '1985-05-06', 'Deckowchester', 'Suriname', '2012-06-09 12:01:40', '2016-08-30 08:45:57');
INSERT INTO profiles (user_id, gender, birthday, city, country, created_at, updated_at) VALUES (42, 'm', '1987-04-27', 'Cummerataburgh', 'Italy', '2014-03-23 20:02:25', '2017-10-05 08:00:34');
INSERT INTO profiles (user_id, gender, birthday, city, country, created_at, updated_at) VALUES (43, 'm', '2015-06-11', 'West Mitchelltown', 'Kyrgyz Re', '2013-08-04 07:47:53', '2016-09-13 02:31:39');
INSERT INTO profiles (user_id, gender, birthday, city, country, created_at, updated_at) VALUES (44, 'm', '2002-09-13', 'West Gilbertoburgh', 'Trinidad and Tobago', '2019-02-13 13:56:23', '2019-02-13 13:56:23');
INSERT INTO profiles (user_id, gender, birthday, city, country, created_at, updated_at) VALUES (45, 'f', '2006-12-11', 'Port Karlie', 'Guinea-Bissau', '2021-01-25 05:13:28', '2021-01-25 05:13:28');
INSERT INTO profiles (user_id, gender, birthday, city, country, created_at, updated_at) VALUES (46, 'f', '1981-01-07', 'Torpton', 'Guatemala', '2017-10-28 13:05:59', '2017-10-28 13:05:59');
INSERT INTO profiles (user_id, gender, birthday, city, country, created_at, updated_at) VALUES (47, 'm', '1982-02-09', 'Walkerton', 'Congo', '2014-04-10 18:51:25', '2014-04-10 18:51:25');
INSERT INTO profiles (user_id, gender, birthday, city, country, created_at, updated_at) VALUES (48, 'm', '2019-09-20', 'Leemouth', 'Anguilla', '2016-12-12 14:16:05', '2017-01-14 11:05:49');
INSERT INTO profiles (user_id, gender, birthday, city, country, created_at, updated_at) VALUES (49, 'm', '1973-04-16', 'Nolanfort', 'Burundi', '2016-04-21 21:50:52', '2016-04-21 21:50:52');
INSERT INTO profiles (user_id, gender, birthday, city, country, created_at, updated_at) VALUES (50, 'f', '1993-09-13', 'Kerlukechester', 'Saint Helena', '2017-01-14 20:44:07', '2017-01-14 20:44:07');


SELECT pg_catalog.setval('communities_id_seq', 31, false);
SELECT pg_catalog.setval('likes_id_seq', 501, false);
SELECT pg_catalog.setval('media_id_seq', 326, false);
SELECT pg_catalog.setval('media_types_id_seq', 4, false);
SELECT pg_catalog.setval('messages_id_seq', 501, false);
SELECT pg_catalog.setval('posts_id_seq', 101, false);
SELECT pg_catalog.setval('users_id_seq', 101, false);

